ID,latitude,longitude,runway_L,freq_count,airline_count,surface
RCYU,24.0230999,121.6179962,27049,7,2,3
RODN,26.35560036,127.7679977,24200,11,0,3
RCTP,25.07769966,121.2330017,22999,7,49,3
PGUA,13.58399963,144.9299927,21743,11,0,3
RPLC,15.18599987,120.5599976,20998,7,7,3
RCNN,22.9503994,120.2060013,20014,6,0,3
RPLL,14.50860023,121.0199966,19669,10,44,3
PHJR,21.30739975,-158.0700073,18500,6,0,3
PGUM,13.48340034,144.7960052,18016,9,14,3
NFFN,-17.7553997,177.4429932,17746,10,15,3
AYPY,-9.443380356,147.2200012,15799,8,7,3
RCAY,22.78249931,120.2630005,15454,2,0,3
PHTO,19.72139931,-155.0480042,15400,8,6,3
RCKU,23.46179962,120.3929977,15314,5,0,3
NSTU,-14.33100033,-170.7100067,13800,6,0,3
NFTF,-21.24119949,-175.1499939,13746,7,6,3
PHLI,21.97599983,-159.3390045,13000,7,12,3
RCMQ,24.26469994,120.6210022,12000,4,11,3
PHOG,20.89859962,-156.4299927,11985,10,15,3
RCPO,24.81800079,120.939003,11955,4,0,3
NVVV,-17.69930077,168.3200073,11840,7,10,3
NTAA,-17.55369949,-149.6069946,11360,6,11,3
YSNF,-29.04159927,167.9389954,11106,4,4,3
NTTO,-18.07480049,-140.9459991,11089,2,0,3
RCQS,22.79310036,121.1819992,11055,4,0,3
PHKO,19.73880005,-156.0460052,11000,7,15,3
RPVM,10.30749989,123.9789963,10827,11,16,3
AYMH,-5.826789856,144.2960052,10784,3,2,3
NWWW,-22.01460075,166.2129974,10663,9,6,3
RPMR,6.058000088,125.0960007,10587,5,0,3
NCAI,-18.83090019,-159.7640076,10475,2,2,3
RCKH,22.57710075,120.3499985,10335,6,13,3
RCGM,25.05660057,121.2442627,10044,1,0,3
RORE,26.72200012,127.7850037,9881,0,0,3
RCBS,24.42790031,118.3590012,9865,4,4,3
NSFA,-13.82999992,-172.0079956,9843,11,7,3
RCQC,23.56870079,119.6279984,9843,7,4,3
TW-0001,23.51799965,119.5830002,9843,0,0,3
PWAK,19.28210068,166.6360016,9843,3,0,3
RORS,24.82670021,125.1449966,9842,5,0,3
RPMD,7.125520229,125.6460037,9842,6,6,3
ROAH,26.19580078,127.6460037,9840,7,21,3
AYGA,-6.081689835,145.3919983,9383,2,2,3
NCMR,-19.84250069,-157.7030029,9180,0,0,2
RPLI,18.17810059,120.5319977,9120,4,4,3
PHDH,21.5795002,-158.1970062,9007,3,0,3
RPLB,14.79440022,120.2710037,9003,8,0,3
ROTM,26.27429962,127.7559967,9000,7,0,3
PJON,16.72859955,-169.5339966,9000,0,0,3
RJAW,24.7840004,141.322998,8700,5,0,3
PGSN,15.11900043,145.7290039,8700,6,8,3
YHID,-10.58640003,142.2899933,8609,3,0,3
PGWT,14.99919987,145.6190033,8600,3,0,3
RPMZ,6.922420025,122.0599976,8560,4,3,3
RCSS,25.06940079,121.552002,8547,13,14,3
RPVP,9.742119789,118.7590027,8530,5,4,3
RPUF,14.98649979,120.4929962,8433,2,0,3
WION,3.908710003,108.3880005,8410,2,0,3
RPML,8.41561985,124.6110001,8050,3,4,3
RCSQ,22.70019913,120.4820023,8012,2,0,3
AYNZ,-6.569829941,146.7259979,8004,6,2,3
RCFN,22.75499916,121.1019974,7999,3,2,3
NTTB,-16.44440079,-151.7510071,7921,3,0,3
RPVG,11.03549957,125.7419968,7919,0,0,3
PKMJ,7.064760208,171.2720032,7897,3,5,3
RCDC,22.67239952,120.461998,7828,3,0,3
UM-0001,28.20939636,-177.3309021,7800,0,0,3
PHNG,21.45050049,-157.7680054,7771,9,0,3
RPLS,14.49540043,120.9039993,7769,1,0,3
PKMA,11.34070015,162.3280029,7700,1,0,3
NIUE,-19.07903099,-169.9255981,7660,3,0,3
NCRG,-21.20269966,-159.8059998,7638,5,10,3
PHMK,21.1529007,-157.095993,7612,7,8,3
NCPY,-9.014369965,-158.0324097,7530,0,0,2
RPLP,13.15750027,123.7350006,7480,4,4,3
AGGH,-9.42800045,160.0549927,7218,4,10,3
PTRO,7.367650032,134.5440063,7200,2,10,3
RPVK,11.67940044,122.3759995,7175,3,5,3
ANYN,-0.547457993,166.9190063,7054,3,0,3
RPVA,11.2276001,125.0279999,7014,3,4,3
ANG,6.906829357,134.1453857,7000,0,0,1
PLCH,1.98616004,-157.3500061,6900,3,2,3
NTTG,-14.95429993,-147.6609955,6890,8,0,3
NLWW,-13.23830032,-176.1990051,6890,5,0,3
RPUY,16.92989922,121.7529984,6890,2,0,3
RPVI,10.83301735,122.4933548,6890,3,4,3
RPMY,8.141659737,125.1169968,6890,0,0,3
PKWA,8.72012043,167.7319946,6668,5,5,3
NGTA,1.381639957,173.1470032,6598,5,0,3
RPVB,10.77639961,123.0149994,6568,2,4,3
NTGJ,-23.07990074,-134.8899994,6562,2,0,3
ROKJ,26.3635006,126.7139969,6562,3,0,3
RJKN,27.83639908,128.8809967,6561,2,0,3
RJKA,28.43059921,129.7129974,6560,5,2,3
ROMY,24.78280067,125.2949982,6560,4,3,3
NVSS,-15.50500011,167.2200012,6523,3,2,3
RPUT,17.64336777,121.7331467,6455,2,3,3
RPME,8.951319695,125.4779968,6450,2,2,3
RPMG,8.60198307,123.3418732,6273,2,2,3
RPMC,7.165239811,124.2099991,6234,3,3,3
PCIS,-2.76812005,-171.7100067,6230,0,0,3
RPVR,11.59770012,122.7519989,6201,2,2,3
AYMO,-2.061889887,147.423996,6136,3,0,2
RPVD,9.333709717,123.3000031,6136,2,2,3
NFNA,-18.04330063,178.5590057,6129,7,0,3
RPVO,11.05799961,124.5650024,6120,0,0,3
RPUH,12.36149979,121.0469971,6024,2,4,3
PTKK,7.461870193,151.8430023,6006,3,3,3
PHBK,22.02280045,-159.7850037,6006,6,0,3
PTPN,6.985099792,158.2089996,6001,3,3,3
PTYA,9.49890995,138.0829926,6000,3,3,3
C23,7,134.2330017,6000,0,0,1
PGRO,14.17430019,145.2429962,6000,4,3,3
RODE,26.7257576,127.7649002,5980,2,0,3
RPUB,16.37509918,120.6200027,5912,1,0,3
RPVT,9.664079666,123.8529968,5837,1,4,3
AYVN,-2.697170019,141.302002,5775,2,0,3
AYMR,-6.363329887,143.2380066,5774,1,2,2
PTSA,5.356979847,162.9579926,5750,3,3,3
RPMO,8.178509712,123.8420029,5720,1,3,3
AYTK,-4.340459824,152.3800049,5643,5,2,3
PG-JAQ,-5.652500153,151.5070038,5627,0,0,0
PHHI,21.48349953,-158.0399933,5604,13,0,3
RPMS,9.755838394,125.4809494,5603,2,3,3
NFTV,-18.58530045,-173.9620056,5593,3,0,3
AYKV,-2.579400063,150.8079987,5592,3,0,3
NTMD,-8.795599937,-140.2290039,5578,2,0,3
RPMB,6.106440067,125.2350006,5577,0,3,3
RCKW,22.04109955,120.7300034,5577,4,0,3
AYGN,-10.3114996,150.3339996,5546,3,2,3
RPMP,7.830731392,123.4611816,5512,2,0,3
AYGR,-8.80453968,148.3090057,5485,1,2,3
AGGE,-6.990745068,155.8866577,5413,0,0,1
AYKA,-8.505820274,151.0809937,5348,0,0,1
RPMQ,6.949369907,126.2730026,5330,0,0,3
AYWK,-3.583830118,143.6690063,5234,5,2,3
AYHK,-5.462170124,150.4049988,5212,2,2,3
FIN,-6.621749878,147.8540497,5200,0,0,3
AYTA,-5.84499979,142.947998,5197,0,0,2
PHMU,20.00130081,-155.6679993,5197,4,0,3
RCFG,26.15979958,119.9580002,5180,2,0,3
AYMD,-5.207079887,145.7890015,5174,5,2,3
AYBK,-5.422319889,154.6730042,5125,2,0,3
RPUV,13.5763998,124.2060013,5118,2,2,3
RPMN,5.046989918,119.7429962,5100,0,0,3
TW-0002,20.70660019,116.7210007,5085,0,0,3
AYWD,-5.643300056,143.8950043,5052,0,0,3
NGFU,-8.524999619,179.1959991,5040,1,0,3
PHNY,20.78560066,-156.951004,5001,6,5,3
MH-UIT,5.909239769,169.6369934,5000,0,0,1
RPLO,10.85809994,121.0690002,5000,0,0,1
PLPA,5.888748169,-162.0778656,5000,0,0,3
RPUL,13.95499992,121.125,4953,4,0,3
NTGA,-17.3526001,-145.5099945,4921,2,0,3
NTTH,-16.68720055,-151.0220032,4921,5,0,3
NTAT,-23.36540031,-149.5240021,4921,2,0,3
RORK,25.94470024,131.3269958,4921,2,0,3
ROMD,25.8465004,131.2630005,4921,3,0,3
RORT,24.65390015,124.6750031,4921,2,0,3
NCMK,-20.13610077,-157.3450012,4921,0,0,2
RPVJ,12.36940002,123.6289978,4921,2,3,3
NTGM,-16.58390045,-143.6580048,4920,2,0,3
ROIG,24.34449959,124.1869965,4920,2,2,3
ROYN,24.46689987,122.9779968,4920,2,0,3
RPVC,12.07269955,124.5449982,4843,0,4,3
NFNR,-12.48250008,177.0709991,4806,0,0,3
RPUW,13.36100006,121.8259964,4785,1,0,3
RPMW,9.072110176,126.1709976,4765,2,0,3
NTAR,-22.4340992,-151.3609924,4757,2,0,3
RPUN,13.5848999,123.2699966,4599,3,3,3
NTTR,-16.72290039,-151.4660034,4593,3,0,3
WAMN,4.006939888,126.6729965,4593,1,0,3
AYDU,-9.086759567,143.2079926,4593,2,0,3
RPMI,8.130490303,124.2149963,4593,1,0,3
AGGM,-8.327969551,157.2630005,4593,2,0,3
NTAV,-23.8852005,-147.6620026,4592,1,0,3
PG-OPU,-8.050000191,142.9329987,4560,0,0,2
RPVU,12.31099987,122.0849991,4560,1,2,3
RJAM,24.28969955,153.9790039,4500,3,0,3
PKRO,9.396889687,167.470993,4499,5,0,3
LAC,7.37157011,113.8440018,4485,0,0,3
RPMM,7.617219925,124.0589981,4462,0,0,3
MH-BII,11.52250004,165.5650024,4460,0,0,3
RJKB,27.42550087,128.701004,4430,4,0,3
RPVF,12.5024004,124.6360016,4429,1,4,3
AYMN,-6.147739887,143.6569977,4411,0,0,3
Q51,5.644515038,169.1195068,4400,0,0,1
RPMA,6.366819859,124.7509995,4396,0,0,3
AGGK,-10.44970036,161.897995,4377,0,0,1
BUL,-7.2211833,146.6512451,4373,0,0,2
RORY,27.04400063,128.4019928,4340,2,0,3
RJKI,28.32130051,129.9279938,4307,2,0,3
MH-WTE,9.458333015,170.2386169,4275,0,0,0
NTGU,-15.2482996,-146.6170044,4268,1,0,3
RPMU,7.013999939,118.4960022,4265,0,0,2
RPUM,13.20810032,120.6050034,4265,1,0,3
RP13,9.809260368,125.5930023,4265,0,0,3
NTGS,-21.4821949,-135.6370544,4250,0,0,3
AYTB,-5.278610229,141.2259979,4232,1,2,2
RPNS,9.859100342,126.0139999,4167,0,0,3
NTKK,-15.48530006,-145.4700012,4150,0,0,3
RPMJ,6.05366993,121.0110016,4144,2,2,3
RPLU,13.85540009,120.1050034,4135,1,0,3
NWWM,-22.25830078,166.4730072,4101,7,2,3
RPUO,20.45129967,121.9800034,4101,3,0,3
NGTB,0.490833014,173.8289948,4081,1,0,1
NTHE,-14.42809963,-146.2570038,4068,1,0,3
NVVW,-19.45509911,169.223999,4035,3,0,3
NFTP,-15.97733784,-173.7910309,4000,0,0,2
NTMN,-9.768790245,-139.0110016,3986,4,0,3
MH-RNP,11.15719986,166.8869934,3950,0,0,3
NCAT,-19.96780014,-158.1190033,3947,1,0,2
RPMH,9.253520012,124.7070007,3945,0,0,3
NTGH,-17.54470062,-142.6139984,3937,0,0,3
NTGV,-14.86810017,-148.7169952,3937,1,0,3
NTGO,-17.3553009,-138.4450073,3937,0,0,3
NTGC,-15.1196003,-148.2310028,3937,1,0,3
NCMH,-10.3767004,-161.0019989,3937,0,0,1
AYMS,-10.6892004,152.8379974,3937,0,0,0
PG-IIS,-4.499720097,154.2259979,3937,0,0,0
RPUZ,16.61919975,121.2519989,3937,2,0,3
RPMF,8.195949554,126.3219986,3937,0,0,3
RPUR,15.72980022,121.5,3937,0,0,3
RPVS,10.76599979,121.9329987,3937,1,0,2
RP17,6.402279854,125.6190033,3937,0,0,3
RP15,10.91209984,124.4369965,3937,0,0,3
RPLA,12.98579979,121.4260025,3937,0,0,3
RPUS,16.59560013,120.3030014,3937,3,0,3
NFTL,-19.77700043,-174.3410034,3937,3,0,3
NFTO,-15.57079983,-175.6329956,3937,0,0,2
NVSZ,-14.88169956,166.5579987,3937,0,0,1
NTGB,-15.81989956,-140.8869934,3936,1,0,3
RPVW,11.67430019,125.4789963,3935,0,0,3
WIOM,3.348119974,106.2580032,3905,3,0,3
NTKF,-16.68670082,-145.3289948,3890,0,0,3
RPUQ,17.55529976,120.3560028,3890,1,0,3
NTGF,-16.05410004,-145.6569977,3871,2,0,3
NTTM,-17.48999977,-149.7619934,3871,4,0,3
NTGQ,-18.29560089,-137.0169983,3871,0,0,3
RCLY,22.02700043,121.5350037,3852,2,0,3
MH-JEJ,7.565350056,168.9620056,3800,0,0,1
PM64,28.38920021,-178.2969971,3800,0,0,2
PHUP,20.26530075,-155.8600006,3800,2,0,3
RPUD,14.12919998,122.9800034,3773,1,0,3
RCMT,26.2241993,120.0029984,3773,6,0,3
PHSF,19.76009941,-155.5540009,3695,9,0,3
AYKI,-6.125710011,141.2819977,3691,1,2,2
RPSM,10.18729973,124.7819977,3642,0,0,3
NWWK,-20.54630089,164.2559967,3616,2,2,3
NWWL,-20.77479935,167.2400055,3609,5,2,3
NWWV,-20.6406002,166.572998,3609,3,2,3
NWWU,-20.79000092,165.2590027,3609,3,2,3
NLWF,-14.31140041,-178.0659943,3609,1,0,3
AGGN,-8.097780228,156.8639984,3609,0,0,3
NWWE,-22.58889961,167.4559937,3608,5,2,3
PHHN,20.79560089,-156.0140076,3606,5,0,3
WAMH,3.683209896,125.5279999,3597,2,0,3
HI01,22.20919991,-159.4459991,3560,3,0,3
NTGK,-15.66329956,-146.8849945,3543,1,0,3
CGC,-5.458965302,148.4324188,3540,0,0,3
NFNL,-16.4666996,179.3399963,3521,2,0,3
NGTU,3.085829973,172.8110046,3500,0,0,3
MH-MAV,8.704440117,171.2299957,3500,0,0,0
NTKR,-14.45580006,-145.0249939,3452,1,0,3
PG-KDR,-6.265900135,149.5581055,3444,0,0,1
RPUG,16.03479958,120.2409973,3422,0,0,3
NTGW,-19.28499985,-138.7720032,3379,0,0,3
NGTE,-1.224470019,174.776001,3365,1,0,2
AYCH,-6.024290085,144.970993,3330,0,0,3
NFNS,-16.80279922,179.3410034,3300,0,0,3
RPVV,12.12150002,120.0999985,3300,0,4,3
YKUB,-10.22500038,142.2180023,3281,2,0,2
NFNM,-16.69059944,-179.8769989,3281,1,0,3
NWWD,-21.05430031,164.8370056,3281,2,2,3
NWWR,-21.4817009,168.0379944,3281,3,2,3
RP12,13.90019989,121.7440033,3281,0,0,3
AGGO,-7.416940212,155.5650024,3281,0,0,0
NVSE,-17.09029961,168.3430023,3281,0,0,1
PH-ENI,11.20199966,119.4169998,3280,0,0,3
RPVH,10.38000011,124.7429962,3280,0,0,1
RPLN,17.0656662,122.4276733,3280,0,0,2
NCMG,-21.89598656,-157.906662,3274,0,0,2
RCDI,24.85510063,121.237999,3260,2,0,3
RCGI,22.6739006,121.4660034,3255,3,0,3
NWWA,-21.09609985,167.8040009,3222,0,2,3
NSFQ,-14.21720028,-169.4250031,3190,1,0,3
RPMV,7.785560131,122.6019974,3150,0,0,3
NTTP,-16.42650032,-152.2440033,3135,3,0,3
NWWX,-21.52020073,165.9720001,3135,0,0,3
NTUV,-18.78000069,-138.8529968,3117,0,0,3
NGBR,-1.354719996,176.0070038,3117,0,0,1
RPVE,11.92450047,121.9540024,3117,3,4,3
NVSP,-16.07970047,167.401001,3117,0,0,1
NGTR,-2.616110086,176.8029938,3100,0,0,1
AGGA,-8.702569962,160.6820068,3100,0,0,1
NVVB,-19.23999977,169.6049957,3084,0,0,1
NTGI,-14.4368,-146.0700073,3051,2,0,3
NTGP,-14.80949974,-138.8130035,3051,0,0,3
RCWA,23.36737251,119.5027771,3051,1,0,3
NVVI,-18.85638809,169.2833405,3051,0,0,1
NGMK,2.058609962,173.2709961,3050,0,0,2
AYKM,-7.963610172,145.7709961,3044,2,0,3
NTGT,-14.70950031,-145.2460022,3018,2,0,3
PG-TFI,-9.075954437,149.3198395,3018,0,0,1
NTGE,-18.46590042,-136.4400024,3008,1,0,3
AGGS,-8.578889847,157.8760071,3002,0,0,1
NFKD,-19.05809975,178.1569977,3000,0,0,3
NGNU,-1.314440012,176.4100037,3000,0,0,1
NGON,-1.796110034,175.526001,3000,0,0,2
NGTM,-2.485830069,175.9700012,3000,0,0,0
MH-MJB,10.2833004,170.8690033,3000,0,0,1
FM-ULI,10.01980019,139.7899933,3000,0,0,3
PHHF,23.86940002,-166.2850037,3000,0,0,2
PHJH,20.96290016,-156.6730042,3000,3,5,3
AGGL,-10.72029972,165.7949982,2999,0,0,1
RPUI,15.32475567,119.9694977,2970,1,0,3
NGUK,0.185277998,173.6369934,2960,0,0,1
NTGN,-14.17679977,-141.2669983,2953,1,0,3
PG-VMU,-7.496860027,144.8199005,2953,0,0,1
RPUX,14.89309978,120.8519974,2953,2,0,3
NVSA,-13.66600037,167.7120056,2953,0,0,1
NFNO,-17.3458004,179.4219971,2952,0,0,1
NTGY,-20.78969955,-138.5700073,2949,0,0,3
NGAB,1.798609972,173.0410004,2904,0,0,1
MH-NDK,5.631669998,168.125,2900,0,0,1
RPUU,12.68420029,123.8779984,2900,0,0,3
NTGD,-15.57359982,-146.4149933,2854,0,0,3
MLIP,6.083330154,171.7330017,2850,0,0,0
MH-TIC,7.133329868,171.9170074,2850,0,0,1
MH-WTO,10.17329979,166.003006,2850,0,0,0
MH-LIK,9.823160172,169.3079987,2800,0,0,0
AGGV,-7.585559845,158.7310028,2789,0,0,0
NVSM,-16.58419991,168.1589966,2789,0,0,1
YBAU,-10.14999962,142.1734009,2788,4,0,2
AGAT,-8.873330116,161.0110016,2769,0,0,1
TW-CMJ,23.21310043,119.4179993,2766,0,0,3
NVSL,-16.45400047,167.822998,2755,0,0,1
NTMP,-9.351670265,-140.0780029,2723,0,0,3
PHLU,21.21100044,-156.973999,2700,0,0,3
PG-GMI,-6.271110058,150.3309937,2690,0,0,0
PG-IHU,-7.89756012,145.3959961,2648,0,0,1
RPLT,20.71699905,121.8170013,2628,0,0,3
RORA,26.59250069,127.2409973,2625,1,0,3
RORH,24.05890083,123.8059998,2625,1,0,3
ROKR,26.16830063,127.2929993,2625,0,0,3
NVSF,-16.26499939,167.923996,2598,0,0,1
NFCI,-17.74329948,-179.3419952,2500,0,0,1
NFNH,-16.74810028,-179.6670074,2500,0,0,3
UJAP,8.928059578,165.7619934,2500,0,0,0
NTMU,-8.936109543,-139.552002,2477,1,0,3
NFNG,-18.11560059,179.3399963,2474,0,0,0
N20,7.016670227,171.4830017,2450,0,0,1
PHPA,21.89690018,-159.6029968,2450,0,0,3
03N,11.22200012,169.852005,2400,0,0,1
HI33,21.94239998,-159.4400024,2400,0,0,3
NFNK,-18.19919968,-178.8170013,2372,1,0,3
PG-AWB,-8.006110191,142.7483521,2313,0,0,1
AYKK,-7.424379826,144.2500763,2297,1,0,1
NSMA,-13.74230003,-172.2579956,2297,0,0,3
NVSG,-15.30669975,167.9669952,2297,0,0,2
NVSO,-15.86559963,168.1719971,2297,0,0,3
NVSC,-13.85169983,167.5370026,2297,0,0,1
NFTE,-21.37829971,-174.9579926,2247,0,0,2
AGGR,-11.53390026,160.0630035,2206,0,0,1
NGMN,3.374439955,172.9920044,2198,0,0,2
NSFI,-13.84869957,-171.7400055,2198,0,0,3
AS-TAV,-14.22920036,-169.5110016,2170,0,0,2
NVVD,-18.76939964,169.0010071,2165,0,0,1
NVSR,-15.47200012,167.8350067,2165,0,0,1
NVSW,-15.4119997,167.6909943,2165,0,0,1
MH-AIM,10.21679974,169.9830017,2150,0,0,0
NFNB,-17.71109962,178.7590027,2100,0,0,1
NFFO,-17.7779007,177.1970062,2100,0,0,0
MH-AUL,8.145279884,171.1730042,2100,0,0,2
NVVA,-20.24920082,169.7709961,2001,0,0,1
NVSI,-16.43899918,168.2570038,2001,0,0,1
NVST,-16.89109993,168.5509949,2001,0,0,1
AGGU,-9.86166954,160.8249969,2000,0,0,0
NSAS,-14.1843996,-169.6699982,2000,0,0,3
HI25,19.12280083,-155.5780029,2000,0,0,1
AEK,-7.350804806,146.1938629,1969,0,0,1
NVSV,-16.79610062,168.177002,1969,0,0,1
NFSW,-16.75889969,177.5449982,1950,0,0,0
MH-LML,8.921110153,166.2649994,1950,0,0,0
HI49,21.14789963,-157.2590027,1920,0,0,1
NFMO,-18.56669998,179.951004,1900,0,0,1
NVVF,-19.51639938,170.2319946,1899,0,0,1
HI28,19.21619987,-155.4689941,1650,0,0,1
TT01,18.12439919,145.7689972,1500,0,0,1
